serial..Number,assessment
57,1.1470070927586
81,3.22280256273379
86,4.01452482465511
114,3.86736307528054
117,1.04996111803298
119,2.09992223606596
122,2.8675177318965
128,0.923607423080658
148,3.22280256273379
149,2.62490279508245
157,1.57494167704947
176,1.57494167704947
179,1.28912102509351
182,1.1470070927586
183,4.19984447213192
190,4.89334519092518
201,2.57824205018703
212,1.04996111803298
214,4.5119235878273
215,2.8675177318965
229,1.7205106391379
