serial..Number,assessment
4,12.8912102509351
25,16.1140128136689
32,22.940141855172
65,11.470070927586
120,19.3368153764027
145,12.8912102509351
