serial..Number,assessment
19,5.73503546379301
33,9.0238471756546
54,6.44560512546757
73,6.44560512546757
88,5.2498055901649
109,6.44560512546757
124,6.44560512546757
131,5.73503546379301
150,6.44560512546757
151,6.44560512546757
166,6.88204255655161
171,5.73503546379301
172,7.09016563801433
173,9.0238471756546
186,6.44560512546757
228,6.44560512546757
