serial..Number,assessment
2,9.23607423080658
52,5.2498055901649
60,9.66840768820136
101,7.87470838524735
