serial..Number,assessment
61,12.8912102509351
63,14.6800355727755
153,12.8912102509351
174,19.3368153764027
